subset,n_analyses,median_k,median_lambda_proxy,median_abs_shift_proxy,median_re,median_gwam_proxy,lambda_proxy_at_lower_bound_count,lambda_proxy_at_upper_bound_count,lambda_proxy_at_lower_bound_pct,lambda_proxy_at_upper_bound_pct,re_abs_effect_ge_0p10,gwam_proxy_abs_effect_ge_0p10,re_to_gwam_proxy_crossed_below_0p10,re_to_gwam_proxy_crossed_below_0p10_pct_all,re_to_gwam_proxy_crossed_below_0p10_pct_within_re_ge,re_abs_effect_ge_0p20,gwam_proxy_abs_effect_ge_0p20,re_to_gwam_proxy_crossed_below_0p20,re_to_gwam_proxy_crossed_below_0p20_pct_all,re_to_gwam_proxy_crossed_below_0p20_pct_within_re_ge
k_eq_2,2895,2.0,0.8936165286449691,0.058841503445835386,-0.03323870778753341,-0.022713286367030218,136.0,1138.0,0.04697754749568221,0.3930915371329879,2520.0,2339.0,181.0,0.06252158894645941,0.07182539682539682,2181.0,1924.0,257.0,0.08877374784110535,0.1178358551123338
k_eq_3,1409,3.0,0.8796475046475046,0.04667247659047913,-0.03017689810725225,-0.019958004520556995,71.0,504.0,0.050390347764371894,0.35770049680624555,1168.0,1057.0,111.0,0.07877927608232789,0.09503424657534247,976.0,834.0,142.0,0.10078069552874379,0.14549180327868852
k_ge_4,3163,6.0,0.8451746218015765,0.05446012648843901,-0.051996450914299094,-0.03212954461291157,215.0,991.0,0.06797344293392349,0.3133101485931078,2617.0,2319.0,298.0,0.09421435346190325,0.1138708444784104,2117.0,1697.0,420.0,0.13278533038254822,0.19839395370807747
