subset,n_analyses,median_k,median_lambda_proxy,median_abs_shift_proxy,median_re,median_gwam_proxy,lambda_proxy_at_lower_bound_count,lambda_proxy_at_upper_bound_count,lambda_proxy_at_lower_bound_pct,lambda_proxy_at_upper_bound_pct,re_abs_effect_ge_0p10,gwam_proxy_abs_effect_ge_0p10,re_to_gwam_proxy_crossed_below_0p10,re_to_gwam_proxy_crossed_below_0p10_pct_all,re_to_gwam_proxy_crossed_below_0p10_pct_within_re_ge,re_abs_effect_ge_0p20,gwam_proxy_abs_effect_ge_0p20,re_to_gwam_proxy_crossed_below_0p20,re_to_gwam_proxy_crossed_below_0p20_pct_all,re_to_gwam_proxy_crossed_below_0p20_pct_within_re_ge
ctgov_linkage_non_ghost,5569,3.0,0.8614125600426971,0.06044986808343178,-0.0617974219179706,-0.037141022820040406,319.0,1564.0,0.05728137906266834,0.2808403663135213,4705.0,4200.0,505.0,0.09068055306159095,0.1073326248671626,3934.0,3282.0,652.0,0.11707667444783623,0.16573462125063548
ctgov_transport_proxy,86,3.0,0.95,0.08757825751830721,0.16069620811159258,0.07659318351676035,24.0,46.0,0.27906976744186046,0.5348837209302325,76.0,67.0,9.0,0.10465116279069768,0.11842105263157894,69.0,50.0,19.0,0.22093023255813954,0.2753623188405797
default,374,3.0,0.7,0.09764190235436468,-0.06041796776007902,-0.042292577432055306,0.0,0.0,0.0,0.0,305.0,274.0,31.0,0.08288770053475936,0.10163934426229508,243.0,202.0,41.0,0.10962566844919786,0.16872427983539096
pairwise_exact_nct_non_ghost,1438,3.0,0.95,0.03181057101333446,0.024292283797283633,0.017792201030560117,79.0,1023.0,0.05493741307371349,0.7114047287899861,1219.0,1174.0,45.0,0.03129346314325452,0.03691550451189499,1028.0,921.0,107.0,0.07440890125173853,0.10408560311284047
