{
  "registry_csv": "data\\raw\\sertraline__depression.csv",
  "n_trials": 108,
  "lambda_observed_registry": 0.7970963995354239,
  "winsorize_pct": 99.0,
  "simulation_settings": {
    "mu_true_list": [
      0.0,
      0.1,
      0.2
    ],
    "tau2": 0.1,
    "n_meta": 5000,
    "p_sig": 0.95,
    "p_nonsig_used": 0.7351953125,
    "seed": 42
  },
  "calibration": {
    "enabled": true,
    "target_lambda": 0.7970963995354239,
    "lambda_calibrated_probe": 0.7989893878193658
  },
  "scenario_results": [
    {
      "mu_true": 0.0,
      "n_meta_requested": 5000,
      "n_meta_success": 5000,
      "lambda_sim_mean": 0.7967305792468403,
      "random_effects": {
        "mean_estimate": 0.02567154058890743,
        "bias": 0.02567154058890743,
        "rmse": 0.05027667100378542,
        "coverage_95": 0.8856,
        "mean_ci_width": 0.1657124171942494
      },
      "gwam_null": {
        "mean_estimate": 0.020374790289485727,
        "bias": 0.020374790289485727,
        "rmse": 0.040091858687294195,
        "coverage_95": 0.8856,
        "mean_ci_width": 0.13184346634524713
      }
    },
    {
      "mu_true": 0.1,
      "n_meta_requested": 5000,
      "n_meta_success": 5000,
      "lambda_sim_mean": 0.8183182409231202,
      "random_effects": {
        "mean_estimate": 0.13080256297287013,
        "bias": 0.030802562972870123,
        "rmse": 0.052082926649062215,
        "coverage_95": 0.866,
        "mean_ci_width": 0.16218426316331744
      },
      "gwam_null": {
        "mean_estimate": 0.10695612271879999,
        "bias": 0.006956122718800004,
        "rmse": 0.036328286067990864,
        "coverage_95": 0.9256,
        "mean_ci_width": 0.1325056853438599
      }
    },
    {
      "mu_true": 0.2,
      "n_meta_requested": 5000,
      "n_meta_success": 5000,
      "lambda_sim_mean": 0.8430232313099907,
      "random_effects": {
        "mean_estimate": 0.23499025878568822,
        "bias": 0.034990258785688226,
        "rmse": 0.053517504400504776,
        "coverage_95": 0.8568,
        "mean_ci_width": 0.15852647096948375
      },
      "gwam_null": {
        "mean_estimate": 0.19815878472093237,
        "bias": -0.001841215279067643,
        "rmse": 0.038347929426945114,
        "coverage_95": 0.9044,
        "mean_ci_width": 0.13349688449598085
      }
    }
  ]
}