review_id,n_analyses,crossed_010,crossed_020,crossed_010_rate_within_review,crossed_020_rate_within_review
CD000028,24,1.0,3.0,0.041666666666666664,0.125
CD000143,15,1.0,0.0,0.06666666666666667,0.0
CD000219,13,0.0,1.0,0.0,0.07692307692307693
CD000478,5,0.0,0.0,0.0,0.0
CD000547,49,0.0,1.0,0.0,0.02040816326530612
