subset,n_analyses,median_k,median_lambda_proxy,median_abs_shift_proxy,median_re,median_gwam_proxy,lambda_proxy_at_lower_bound_count,lambda_proxy_at_upper_bound_count,lambda_proxy_at_lower_bound_pct,lambda_proxy_at_upper_bound_pct,re_abs_effect_ge_0p10,gwam_proxy_abs_effect_ge_0p10,re_to_gwam_proxy_crossed_below_0p10,re_to_gwam_proxy_crossed_below_0p10_pct_all,re_to_gwam_proxy_crossed_below_0p10_pct_within_re_ge,re_abs_effect_ge_0p20,gwam_proxy_abs_effect_ge_0p20,re_to_gwam_proxy_crossed_below_0p20,re_to_gwam_proxy_crossed_below_0p20_pct_all,re_to_gwam_proxy_crossed_below_0p20_pct_within_re_ge
k_eq_2,34,2.0,0.95,0.03782363577015574,0.23073770812624908,0.21920082271993663,0.0,29.0,0.0,0.8529411764705882,33.0,33.0,0.0,0.0,0.0,30.0,29.0,1.0,0.029411764705882353,0.03333333333333333
k_eq_3,26,3.0,0.9158150229943792,0.03941206826600191,-0.1200240670577229,-0.0919153179902505,0.0,12.0,0.0,0.46153846153846156,23.0,22.0,1.0,0.038461538461538464,0.043478260869565216,20.0,20.0,0.0,0.0,0.0
k_ge_4,46,6.0,0.7971775622643941,0.06074905962971905,-0.33003712211806985,-0.24673483332578436,0.0,13.0,0.0,0.2826086956521739,44.0,43.0,1.0,0.021739130434782608,0.022727272727272728,41.0,37.0,4.0,0.08695652173913043,0.0975609756097561
